player,letter,出場回数,monster,level,variant,image,A(アクティブ),P(コンパニオン),url01,url02,url03,url04,url05,url06,url07,url08,url09,url10,url11
ClayClay,H,3,F.S.M.,52,原,https://eldersign.jp/img/mi/g/f0/053_fsm_0g4.png,セメタリーゲート / ハスタリーザ / ミラーズ / ユロール / ルルハラント,守りのミンネ / 心の壁 / 戦いのエール,https://eldersign.jp/rankmatch?cmd=v&rk=5&v=7&se=7&t=1,https://eldersign.jp/rankmatch?cmd=v&rk=5&v=71&se=7&t=1,https://eldersign.jp/rankmatch?cmd=v&rk=5&v=135&se=7&t=1,,,,,,,,
ClayClay,H,4,星鈴,60,亜1,https://eldersign.jp/img/mi/p/f0/052_star-vampire_1g4.png,アンブッシュ / フォトケミカルスモッグ / ミラーズ / ユロール / 闇の楔,クィックオーダー / ハートオブフレイム / ミラージュ / 守りのミンネ / 心の壁,https://eldersign.jp/rankmatch?cmd=v&rk=5&v=7&se=7&t=1,https://eldersign.jp/rankmatch?cmd=v&rk=5&v=39&se=7&t=1,https://eldersign.jp/rankmatch?cmd=v&rk=5&v=71&se=7&t=1,https://eldersign.jp/rankmatch?cmd=v&rk=5&v=135&se=7&t=1,,,,,,,
ClayClay,H,2,密歌,57,亜2,https://eldersign.jp/img/mi/g/f0/078_zhar_2g4.png,キャンセレイション / ハスタリーザ / フォトケミカルスモッグ / ミラーズ / ユロール,守りのミンネ / 心の壁 / 心の棘,https://eldersign.jp/rankmatch?cmd=v&rk=5&v=7&se=7&t=1,https://eldersign.jp/rankmatch?cmd=v&rk=5&v=71&se=7&t=1,,,,,,,,,
ClayClay,H,3,ミル＝フイユ,59,亜1,https://eldersign.jp/img/mi/p/f0/066_atlach-nacha_1g7.png,エルフショット / ゴッサマーチェイン / ミラーズ / ルルハラント / ルールオブドリームス,リジェネレイト / 心の棘,https://eldersign.jp/rankmatch?cmd=v&rk=5&v=7&se=7&t=1,https://eldersign.jp/rankmatch?cmd=v&rk=5&v=71&se=7&t=1,https://eldersign.jp/rankmatch?cmd=v&rk=5&v=135&se=7&t=1,,,,,,,,
ClayClay,H,1,セント,32,原,https://eldersign.jp/img/mi/g/f0/056_dhole_0g7.png,アースクェイク / カロウシブスピット / ダイブ / ラーヴァフロウ / 炎の楔,リジェネレイト / 敏捷ブースト,https://eldersign.jp/rankmatch?cmd=v&rk=5&v=39&se=7&t=1,,,,,,,,,,
ClayClay,H,3,パティ,41,原,https://eldersign.jp/img/mi/g/f0/043_succubus_0g4.png,ペイルムーン / リベレイション,クィックオーダー / ハートオブフレイム / ミラージュ / リフレクション / 心の棘 / 悪目立ち,https://eldersign.jp/rankmatch?cmd=v&rk=5&v=39&se=7&t=1,https://eldersign.jp/rankmatch?cmd=v&rk=5&v=232&se=7&t=1,https://eldersign.jp/rankmatch?cmd=v&rk=5&v=234&se=7&t=1,,,,,,,,
ClayClay,H,4,イシュ,39,原,https://eldersign.jp/img/mi/g/f0/039_ariel_0g4.png,アイスランス / ステイシス / ストームワーニング / スリートストーム / テンペスト,HPブースト / クィックオーダー / ミラージュ / リフレクション / 悪目立ち,https://eldersign.jp/rankmatch?cmd=v&rk=5&v=39&se=7&t=1,https://eldersign.jp/rankmatch?cmd=v&rk=5&v=199&se=7&t=1,https://eldersign.jp/rankmatch?cmd=v&rk=5&v=232&se=7&t=1,https://eldersign.jp/rankmatch?cmd=v&rk=5&v=234&se=7&t=1,,,,,,,
ClayClay,H,4,ハルドル,56,原,https://eldersign.jp/img/mi/g/f0/049_brass-dragon_0g4.png,アースクェイク / スキュアー / スタンピード / ヒカップ / ヴェンデッタ,守りのミンネ / 戦いのエール / 防御ブースト,https://eldersign.jp/rankmatch?cmd=v&rk=5&v=103&se=7&t=1,https://eldersign.jp/rankmatch?cmd=v&rk=5&v=167&se=7&t=1,https://eldersign.jp/rankmatch?cmd=v&rk=5&v=233&se=7&t=1,https://eldersign.jp/rankmatch?cmd=v&rk=5&v=235&se=7&t=1,,,,,,,
ClayClay,H,4,アス,54,原,https://eldersign.jp/img/mi/g/f0/048_hydra_0g4.png,アースクェイク / カロウシブスピット / シードハウザー / ダルバドーハ / ラーヴァフロウ,守りのミンネ / 戦いのエール,https://eldersign.jp/rankmatch?cmd=v&rk=5&v=103&se=7&t=1,https://eldersign.jp/rankmatch?cmd=v&rk=5&v=167&se=7&t=1,https://eldersign.jp/rankmatch?cmd=v&rk=5&v=233&se=7&t=1,https://eldersign.jp/rankmatch?cmd=v&rk=5&v=235&se=7&t=1,,,,,,,
ClayClay,H,4,白夜庵,51,亜1,https://eldersign.jp/img/mi/g/f0/065_cats-of-ulthar_1g7.png,カラカス / ディスペル / フライト / 光の楔 / 月光浴,クィックオーダー / リジェネレイト / リフレクション,https://eldersign.jp/rankmatch?cmd=v&rk=5&v=103&se=7&t=1,https://eldersign.jp/rankmatch?cmd=v&rk=5&v=167&se=7&t=1,https://eldersign.jp/rankmatch?cmd=v&rk=5&v=233&se=7&t=1,https://eldersign.jp/rankmatch?cmd=v&rk=5&v=235&se=7&t=1,,,,,,,
ClayClay,H,4,シルバードラゴン,54,原,https://eldersign.jp/img/mi/g/f0/050_silver-dragon_0g4.png,カラカス / テンペスト / ニグラーヌ / バーニングレイジ / 光のベール,クィックオーダー / 悪目立ち,https://eldersign.jp/rankmatch?cmd=v&rk=5&v=103&se=7&t=1,https://eldersign.jp/rankmatch?cmd=v&rk=5&v=167&se=7&t=1,https://eldersign.jp/rankmatch?cmd=v&rk=5&v=233&se=7&t=1,https://eldersign.jp/rankmatch?cmd=v&rk=5&v=235&se=7&t=1,,,,,,,
ClayClay,H,1,ドール,45,亜1,https://eldersign.jp/img/mi/p/f0/056_dhole_1g4.png,のしかかり / カロウシブスピット / ガッシマ / ブラッドセイバー / 踏みつけ,守りのミンネ / 戦いのエール,https://eldersign.jp/rankmatch?cmd=v&rk=5&v=135&se=7&t=1,,,,,,,,,,
ClayClay,H,1,アークディスプレイサー,44,原,https://eldersign.jp/img/mi/g/f0/057_arch-displacers_0g4.png,ジャバー / スリープクラウド / ホロウワールド / リヴァイヴ,リジェネレイト / 敏捷ブースト,https://eldersign.jp/rankmatch?cmd=v&rk=5&v=199&se=7&t=1,,,,,,,,,,
ClayClay,H,3,誰そ彼,35,亜1,https://eldersign.jp/img/mi/p/f0/044_ankou_1g4.png,カラカス / ダブルアタック / トライペック / ベノムスクラッチ / 光のベール,ハートオブマーブル / 守りのミンネ / 心の壁 / 敏捷ブースト,https://eldersign.jp/rankmatch?cmd=v&rk=5&v=199&se=7&t=1,https://eldersign.jp/rankmatch?cmd=v&rk=5&v=232&se=7&t=1,https://eldersign.jp/rankmatch?cmd=v&rk=5&v=234&se=7&t=1,,,,,,,,
ClayClay,H,3,ハルテ,58,原,https://eldersign.jp/img/mi/g/f0/041_rusalka_0g4.png,アゼランザ / パンデミック / ヒヤデスウィンド / ファイアランス / 炎の刻印,クィックオーダー,https://eldersign.jp/rankmatch?cmd=v&rk=5&v=199&se=7&t=1,https://eldersign.jp/rankmatch?cmd=v&rk=5&v=232&se=7&t=1,https://eldersign.jp/rankmatch?cmd=v&rk=5&v=234&se=7&t=1,,,,,,,,
タカヤマン,A,4,ドール／壱,55,原,https://eldersign.jp/img/mi/g/f0/056_dhole_0g4.png,アウターキラー / アースクェイク / スキュアー / スタンピード / チャージ,ミラージュ / リジェネレイト / 守りのミンネ / 戦いのエール,https://eldersign.jp/rankmatch?cmd=v&rk=5&v=1&se=7&t=1,https://eldersign.jp/rankmatch?cmd=v&rk=5&v=2&se=7&t=1,https://eldersign.jp/rankmatch?cmd=v&rk=5&v=6&se=7&t=1,https://eldersign.jp/rankmatch?cmd=v&rk=5&v=9&se=7&t=1,,,,,,,
タカヤマン,A,2,ドール／弐,43,原,https://eldersign.jp/img/mi/g/f0/056_dhole_0g4.png,アースクェイク / カロウシブスピット / ミラーズ / ユロール / 光のベール,守りのミンネ / 戦いのエール,https://eldersign.jp/rankmatch?cmd=v&rk=5&v=1&se=7&t=1,https://eldersign.jp/rankmatch?cmd=v&rk=5&v=9&se=7&t=1,,,,,,,,,
タカヤマン,A,2,F.S.M.～１,57,原,https://eldersign.jp/img/mi/g/f0/053_fsm_0g7.png,アゼランザ / フォトケミカルスモッグ / 光のベール / 光の楔 / 風葬,リジェネレイト / 守りのミンネ,https://eldersign.jp/rankmatch?cmd=v&rk=5&v=1&se=7&t=1,https://eldersign.jp/rankmatch?cmd=v&rk=5&v=9&se=7&t=1,,,,,,,,,
タカヤマン,A,3,スターヴァンパイア☆,47,原,https://eldersign.jp/img/mi/g/f0/052_star-vampire_0g7.png,ミラーズ / ユロール / 光のベール / 光の楔 / 風葬,ハートオブフレイム / ミラージュ,https://eldersign.jp/rankmatch?cmd=v&rk=5&v=1&se=7&t=1,https://eldersign.jp/rankmatch?cmd=v&rk=5&v=2&se=7&t=1,https://eldersign.jp/rankmatch?cmd=v&rk=5&v=9&se=7&t=1,,,,,,,,
タカヤマン,A,1,ティンダロスハウンド@,47,亜1,https://eldersign.jp/img/mi/p/f0/054_hounds-of-tindalos_1g4.png,スキュアー / フェイズアウト / ルルハラント / 光のベール / 光の楔,リジェネレイト / 守りのミンネ,https://eldersign.jp/rankmatch?cmd=v&rk=5&v=2&se=7&t=1,,,,,,,,,,
タカヤマン,A,2,F.S.M.～②,47,亜2,https://eldersign.jp/img/mi/p/f0/053_fsm_2g7.png,テンペスト / フォトケミカルスモッグ / ミラーズ / ユロール / 光の楔,ハートオブフレイム / リジェネレイト / 守りのミンネ,https://eldersign.jp/rankmatch?cmd=v&rk=5&v=2&se=7&t=1,https://eldersign.jp/rankmatch?cmd=v&rk=5&v=6&se=7&t=1,,,,,,,,,
タカヤマン,A,4,ケット・シー／１号,61,亜2,https://eldersign.jp/img/mi/g/f0/008_caitsith_2g7.png,テンペスト / ヒヤデスウィンド / フェアリーエイド / ペイルムーン / 光のベール,クィックオーダー / ハートオブウィンド / ハートオブフレイム / ミラージュ / レジストバインド / レジストペトリ / 防御ブースト,https://eldersign.jp/rankmatch?cmd=v&rk=5&v=3&se=7&t=1,https://eldersign.jp/rankmatch?cmd=v&rk=5&v=5&se=7&t=1,https://eldersign.jp/rankmatch?cmd=v&rk=5&v=7&se=7&t=1,https://eldersign.jp/rankmatch?cmd=v&rk=5&v=10&se=7&t=1,,,,,,,
タカヤマン,A,2,ケット・シー／２号,70,亜2,https://eldersign.jp/img/mi/g/f0/008_caitsith_2g7.png,アゼランザ / エンジェルダスト / トランキリティ / フェイズアウト / ルルハラント,ミラージュ / リジェネレイト,https://eldersign.jp/rankmatch?cmd=v&rk=5&v=3&se=7&t=1,https://eldersign.jp/rankmatch?cmd=v&rk=5&v=5&se=7&t=1,,,,,,,,,
タカヤマン,A,4,スノウ／白,70,亜2,https://eldersign.jp/img/mi/g/f0/020_snow_2g7.png,ヒヤデスウィンド / フサリア / フラッシュファイア / リヴァイヴ / 炎の刻印,HPブースト / クィックオーダー / ハートオブマーブル / フレイムアシスト / ミラージュ / 敏捷ブースト,https://eldersign.jp/rankmatch?cmd=v&rk=5&v=3&se=7&t=1,https://eldersign.jp/rankmatch?cmd=v&rk=5&v=5&se=7&t=1,https://eldersign.jp/rankmatch?cmd=v&rk=5&v=7&se=7&t=1,https://eldersign.jp/rankmatch?cmd=v&rk=5&v=10&se=7&t=1,,,,,,,
タカヤマン,A,2,サキュバス／１,49,原,https://eldersign.jp/img/mi/g/f0/043_succubus_0g7.png,アウェイクニング / エンジェルダスト / スタンダールシンドローム / ペイルムーン / 悪魔のトリル,ハートオブマーブル / ミラージュ / リジェネレイト / 守りのミンネ,https://eldersign.jp/rankmatch?cmd=v&rk=5&v=3&se=7&t=1,https://eldersign.jp/rankmatch?cmd=v&rk=5&v=10&se=7&t=1,,,,,,,,,
タカヤマン,A,2,ブラスドラゴン／赤燐,70,亜2,https://eldersign.jp/img/mi/p/f0/049_brass-dragon_2g7.png,スキュアー / スタンピード / スパイクテイル / チャージ / 光の刻印,守りのミンネ / 戦いのエール,https://eldersign.jp/rankmatch?cmd=v&rk=5&v=4&se=7&t=1,https://eldersign.jp/rankmatch?cmd=v&rk=5&v=8&se=7&t=1,,,,,,,,,
タカヤマン,A,2,ハイドラ！,73,亜2,https://eldersign.jp/img/mi/p/f0/048_hydra_2g7.png,アウターキラー / アースクェイク / グランドスラム / スキュアー / チャージ,守りのミンネ / 戦いのエール,https://eldersign.jp/rankmatch?cmd=v&rk=5&v=4&se=7&t=1,https://eldersign.jp/rankmatch?cmd=v&rk=5&v=8&se=7&t=1,,,,,,,,,
タカヤマン,A,3,クン・アヌン／ロア,53,亜2,https://eldersign.jp/img/mi/g/f0/026_cwn-annwn_2g7.png,カラカス / ドラゴニックロア / フォトケミカルスモッグ / 光のベール / 光の楔,HPブースト / クィックオーダー,https://eldersign.jp/rankmatch?cmd=v&rk=5&v=4&se=7&t=1,https://eldersign.jp/rankmatch?cmd=v&rk=5&v=8&se=7&t=1,https://eldersign.jp/rankmatch?cmd=v&rk=5&v=11&se=7&t=1,,,,,,,,
タカヤマン,A,3,ウルタールの猫／トラ,35,亜2,https://eldersign.jp/img/mi/g/f0/065_cats-of-ulthar_2g4.png,フライト / リヴァイヴ / 光のベール / 光の楔 / 月光浴,HPブースト / クィックオーダー / 守りのミンネ / 心の棘,https://eldersign.jp/rankmatch?cmd=v&rk=5&v=4&se=7&t=1,https://eldersign.jp/rankmatch?cmd=v&rk=5&v=8&se=7&t=1,https://eldersign.jp/rankmatch?cmd=v&rk=5&v=11&se=7&t=1,,,,,,,,
タカヤマン,A,2,サキュバス様,34,亜1,https://eldersign.jp/img/mi/p/f0/043_succubus_1g7.png,アウェイクニング / エルフショット / スタンダールシンドローム / ペイルムーン / 光のベール,レジストバインド / レジストペトリ / 心の棘,https://eldersign.jp/rankmatch?cmd=v&rk=5&v=5&se=7&t=1,https://eldersign.jp/rankmatch?cmd=v&rk=5&v=7&se=7&t=1,,,,,,,,,
タカヤマン,A,1,アトラク×ナクア,34,亜1,https://eldersign.jp/img/mi/p/f0/066_atlach-nacha_1g4.png,ゴッサマーチェイン / ディスペル / ブラッドセイバー / 光のベール,守りのミンネ / 心の棘,https://eldersign.jp/rankmatch?cmd=v&rk=5&v=6&se=7&t=1,,,,,,,,,,
タカヤマン,A,1,スターヴァンパイア☆☆,50,原,https://eldersign.jp/img/mi/g/f0/052_star-vampire_0g7.png,アンブッシュ / ミラーズ / 光のベール / 光の楔,HPブースト / クィックオーダー,https://eldersign.jp/rankmatch?cmd=v&rk=5&v=6&se=7&t=1,,,,,,,,,,
タカヤマン,A,1,ケット・シー／３号,52,亜1,https://eldersign.jp/img/mi/g/f0/008_caitsith_1g7.png,ディスペル / ヒヤデスウィンド / ブラッドセイバー / ペイルムーン / 光のベール,HPブースト / クィックオーダー,https://eldersign.jp/rankmatch?cmd=v&rk=5&v=7&se=7&t=1,,,,,,,,,,
タカヤマン,A,1,ペリ／冷,67,亜2,https://eldersign.jp/img/mi/p/f0/042_peri_2g7.png,アイスランス / スノウストーム / ペイルムーン / 氷の刻印 / 氷の花,リジェネレイト / 守りのミンネ,https://eldersign.jp/rankmatch?cmd=v&rk=5&v=10&se=7&t=1,,,,,,,,,,
タカヤマン,A,1,パズズ／赤眼,60,亜2,https://eldersign.jp/img/mi/p/f0/045_pazuzu_2g7.png,スキュアー / デルタスラッシュ / ドラゴニックロア / バインドグラスプ,守りのミンネ / 戦いのエール,https://eldersign.jp/rankmatch?cmd=v&rk=5&v=11&se=7&t=1,,,,,,,,,,
タカヤマン,A,1,シルドラ弐型,41,原,https://eldersign.jp/img/mi/g/f0/050_silver-dragon_0g7.png,アウターキラー / クルセイド / ベノムスティング,守りのミンネ / 戦いのエール,https://eldersign.jp/rankmatch?cmd=v&rk=5&v=11&se=7&t=1,,,,,,,,,,
イマクロ,F,1,ドール,47,原,https://eldersign.jp/img/mi/g/f0/056_dhole_0g4.png,のしかかり / アースクェイク / カロウシブスピット / 光の刻印 / 踏みつけ,守りのミンネ / 戦いのエール,https://eldersign.jp/rankmatch?cmd=v&rk=5&v=5&se=7&t=1,,,,,,,,,,
イマクロ,F,3,ティンダロスハウンド,70,原,https://eldersign.jp/img/mi/g/f0/054_hounds-of-tindalos_0g4.png,ダブルアタック / チャージ / フェイズアウト / 光の刻印,レジストシック / レジストスリープ / 守りのミンネ / 戦いのエール,https://eldersign.jp/rankmatch?cmd=v&rk=5&v=5&se=7&t=1,https://eldersign.jp/rankmatch?cmd=v&rk=5&v=170&se=7&t=1,https://eldersign.jp/rankmatch?cmd=v&rk=5&v=171&se=7&t=1,,,,,,,,
イマクロ,F,4,サキュバス (1),51,原,https://eldersign.jp/img/mi/g/f0/043_succubus_0g7.png,アウェイクニング / キャンセレイション / クルセイド / スタンダールシンドローム / テンプテイション / ヒヤデスウィンド / ペイルムーン,エンジェリックウィング / ハートオブウィンド / フレイムアシスト / ミラージュ / リジェネレイト / リフレクション / 守りのミンネ,https://eldersign.jp/rankmatch?cmd=v&rk=5&v=5&se=7&t=1,https://eldersign.jp/rankmatch?cmd=v&rk=5&v=37&se=7&t=1,https://eldersign.jp/rankmatch?cmd=v&rk=5&v=166&se=7&t=1,https://eldersign.jp/rankmatch?cmd=v&rk=5&v=169&se=7&t=1,,,,,,,
イマクロ,F,1,サキュバス (2),50,原,https://eldersign.jp/img/mi/g/f0/043_succubus_0g7.png,ヒヤデスウィンド / 光の楔,エンジェリックウィング / 守りのミンネ,https://eldersign.jp/rankmatch?cmd=v&rk=5&v=69&se=7&t=1,,,,,,,,,,
イマクロ,F,2,エアリエル (1),54,原,https://eldersign.jp/img/mi/g/f0/039_ariel_0g4.png,アゼランザ / エンジェルダスト / トランキリティ / ファイアボルト / フォトケミカルスモッグ,クィックオーダー / 守りのミンネ / 悪目立ち,https://eldersign.jp/rankmatch?cmd=v&rk=5&v=5&se=7&t=1,https://eldersign.jp/rankmatch?cmd=v&rk=5&v=166&se=7&t=1,,,,,,,,,
イマクロ,F,1,エアリエル (2),60,原,https://eldersign.jp/img/mi/g/f0/039_ariel_0g7.png,ヒヤデスウィンド / フェアリーエイド / ペイルムーン / 光のベール,リジェネレイト / 守りのミンネ,https://eldersign.jp/rankmatch?cmd=v&rk=5&v=166&se=7&t=1,,,,,,,,,,
イマクロ,F,1,エアリエル (3),70,原,https://eldersign.jp/img/mi/g/f0/039_ariel_0g7.png,セメタリーゲート / テンペスト / 光の楔 / 悪魔のトリル,守りのミンネ / 戦いのエール,https://eldersign.jp/rankmatch?cmd=v&rk=5&v=171&se=7&t=1,,,,,,,,,,
イマクロ,F,7,ブラスドラゴン,70,原,https://eldersign.jp/img/mi/g/f0/049_brass-dragon_0g4.png,アウターキラー / アースクェイク / ウォークライ / ブラッドセイバー / ラーヴァフロウ,エンジェリックウィング / リジェネレイト / レジストシール / レジストペトリ / 守りのミンネ / 戦いのエール,https://eldersign.jp/rankmatch?cmd=v&rk=5&v=37&se=7&t=1,https://eldersign.jp/rankmatch?cmd=v&rk=5&v=69&se=7&t=1,https://eldersign.jp/rankmatch?cmd=v&rk=5&v=101&se=7&t=1,https://eldersign.jp/rankmatch?cmd=v&rk=5&v=133&se=7&t=1,https://eldersign.jp/rankmatch?cmd=v&rk=5&v=167&se=7&t=1,https://eldersign.jp/rankmatch?cmd=v&rk=5&v=168&se=7&t=1,https://eldersign.jp/rankmatch?cmd=v&rk=5&v=169&se=7&t=1,,,,
イマクロ,F,7,ハイドラ,70,原,https://eldersign.jp/img/mi/g/f0/048_hydra_0g7.png,アースクェイク / ウォークライ / スタンピード / ブラッドセイバー / ラーヴァフロウ,エンジェリックウィング / リフレクション / レジストシール / レジストペトリ / 守りのミンネ / 戦いのエール,https://eldersign.jp/rankmatch?cmd=v&rk=5&v=37&se=7&t=1,https://eldersign.jp/rankmatch?cmd=v&rk=5&v=69&se=7&t=1,https://eldersign.jp/rankmatch?cmd=v&rk=5&v=101&se=7&t=1,https://eldersign.jp/rankmatch?cmd=v&rk=5&v=133&se=7&t=1,https://eldersign.jp/rankmatch?cmd=v&rk=5&v=167&se=7&t=1,https://eldersign.jp/rankmatch?cmd=v&rk=5&v=168&se=7&t=1,https://eldersign.jp/rankmatch?cmd=v&rk=5&v=169&se=7&t=1,,,,
イマクロ,F,3,ペリ,70,原,https://eldersign.jp/img/mi/g/f0/042_peri_0g4.png,キャンセレイション / トランキリティ / ポイズンクラウド / リヴァイヴ / 光の楔,リジェネレイト / レジストシック / レジストスリープ / 守りのミンネ,https://eldersign.jp/rankmatch?cmd=v&rk=5&v=37&se=7&t=1,https://eldersign.jp/rankmatch?cmd=v&rk=5&v=69&se=7&t=1,https://eldersign.jp/rankmatch?cmd=v&rk=5&v=170&se=7&t=1,,,,,,,,
イマクロ,F,3,シムルグ,70,原,https://eldersign.jp/img/mi/g/f0/046_simorgh_0g7.png,キャンセレイション / テンペスト / ドラゴニックロア / 光のベール / 炎の楔,クィックオーダー / リフレクション / 守りのミンネ / 悪目立ち / 戦いのエール,https://eldersign.jp/rankmatch?cmd=v&rk=5&v=101&se=7&t=1,https://eldersign.jp/rankmatch?cmd=v&rk=5&v=133&se=7&t=1,https://eldersign.jp/rankmatch?cmd=v&rk=5&v=168&se=7&t=1,,,,,,,,
イマクロ,F,5,ウルタールの猫,54,亜1,https://eldersign.jp/img/mi/g/f0/065_cats-of-ulthar_1g7.png,エルフショット / パンデミック / フライト / 月光浴 / 炎の楔,エンジェリックウィング / クィックオーダー / ハートオブウィンド / リジェネレイト / リフレクション / 命中ブースト / 守りのミンネ,https://eldersign.jp/rankmatch?cmd=v&rk=5&v=101&se=7&t=1,https://eldersign.jp/rankmatch?cmd=v&rk=5&v=133&se=7&t=1,https://eldersign.jp/rankmatch?cmd=v&rk=5&v=167&se=7&t=1,https://eldersign.jp/rankmatch?cmd=v&rk=5&v=168&se=7&t=1,https://eldersign.jp/rankmatch?cmd=v&rk=5&v=169&se=7&t=1,,,,,,
イマクロ,F,2,ルサルカ (1),61,原,https://eldersign.jp/img/mi/g/f0/041_rusalka_0g4.png,ヒヤデスウィンド / フサリア / フラッシュファイア / リヴァイヴ / 炎の刻印,エンジェリックウィング / ハートオブマーブル / ミラージュ,https://eldersign.jp/rankmatch?cmd=v&rk=5&v=167&se=7&t=1,https://eldersign.jp/rankmatch?cmd=v&rk=5&v=170&se=7&t=1,,,,,,,,,
イマクロ,F,1,ルサルカ (2),70,原,https://eldersign.jp/img/mi/g/f0/041_rusalka_0g7.png,ヒヤデスウィンド / フラッド / 光のベール,戦いのエール,https://eldersign.jp/rankmatch?cmd=v&rk=5&v=171&se=7&t=1,,,,,,,,,,
イマクロ,F,2,アークディスプレイサー,70,原,https://eldersign.jp/img/mi/g/f0/057_arch-displacers_0g4.png,スリープクラウド / セメタリーゲート / フェイズアウト / ホロウワールド,リジェネレイト / レジストシック / レジストスリープ / 守りのミンネ,https://eldersign.jp/rankmatch?cmd=v&rk=5&v=170&se=7&t=1,https://eldersign.jp/rankmatch?cmd=v&rk=5&v=171&se=7&t=1,,,,,,,,,
カリスト,E,11,地を喰らうスピキ,70,亜1,https://eldersign.jp/img/mi/p/f0/056_dhole_1g4.png,カロウシブスピット / スキュアー / スタンピード / トライペック / ブラッドセイバー,ハートオブオーシャン / リジェネレイト / 守りのミンネ / 戦いのエール,https://eldersign.jp/rankmatch?cmd=v&rk=5&v=4&se=7&t=1,https://eldersign.jp/rankmatch?cmd=v&rk=5&v=36&se=7&t=1,https://eldersign.jp/rankmatch?cmd=v&rk=5&v=68&se=7&t=1,https://eldersign.jp/rankmatch?cmd=v&rk=5&v=100&se=7&t=1,https://eldersign.jp/rankmatch?cmd=v&rk=5&v=133&se=7&t=1,https://eldersign.jp/rankmatch?cmd=v&rk=5&v=134&se=7&t=1,https://eldersign.jp/rankmatch?cmd=v&rk=5&v=135&se=7&t=1,https://eldersign.jp/rankmatch?cmd=v&rk=5&v=136&se=7&t=1,https://eldersign.jp/rankmatch?cmd=v&rk=5&v=137&se=7&t=1,https://eldersign.jp/rankmatch?cmd=v&rk=5&v=138&se=7&t=1,https://eldersign.jp/rankmatch?cmd=v&rk=5&v=139&se=7&t=1
カリスト,E,5,復活の淫夢くんUC,71,亜2,https://eldersign.jp/img/mi/p/f0/057_arch-displacers_2g4.png,カラカス / チャージ / フォトケミカルスモッグ / ベノムスクラッチ / ルルハラント / 光のベール,クィックオーダー / ボディケア / 守りのミンネ / 戦いのエール,https://eldersign.jp/rankmatch?cmd=v&rk=5&v=4&se=7&t=1,https://eldersign.jp/rankmatch?cmd=v&rk=5&v=36&se=7&t=1,https://eldersign.jp/rankmatch?cmd=v&rk=5&v=68&se=7&t=1,https://eldersign.jp/rankmatch?cmd=v&rk=5&v=133&se=7&t=1,https://eldersign.jp/rankmatch?cmd=v&rk=5&v=134&se=7&t=1,,,,,,
カリスト,E,11,星のスピキ擬態型,66,亜2,https://eldersign.jp/img/mi/p/f0/052_star-vampire_2g7.png,アンブッシュ / カラカス / フォトケミカルスモッグ / ミラーズ / 光のベール,HPブースト / クィックオーダー / ハートオブフレイム / ボディケア / リジェネレイト / 守りのミンネ / 戦いのエール,https://eldersign.jp/rankmatch?cmd=v&rk=5&v=4&se=7&t=1,https://eldersign.jp/rankmatch?cmd=v&rk=5&v=36&se=7&t=1,https://eldersign.jp/rankmatch?cmd=v&rk=5&v=68&se=7&t=1,https://eldersign.jp/rankmatch?cmd=v&rk=5&v=100&se=7&t=1,https://eldersign.jp/rankmatch?cmd=v&rk=5&v=133&se=7&t=1,https://eldersign.jp/rankmatch?cmd=v&rk=5&v=134&se=7&t=1,https://eldersign.jp/rankmatch?cmd=v&rk=5&v=135&se=7&t=1,https://eldersign.jp/rankmatch?cmd=v&rk=5&v=136&se=7&t=1,https://eldersign.jp/rankmatch?cmd=v&rk=5&v=137&se=7&t=1,https://eldersign.jp/rankmatch?cmd=v&rk=5&v=138&se=7&t=1,https://eldersign.jp/rankmatch?cmd=v&rk=5&v=139&se=7&t=1
カリスト,E,11,比良坂初音,67,亜2,https://eldersign.jp/img/mi/p/f0/066_atlach-nacha_2g4.png,エルフショット / ミラーズ / ユロール / 光のベール / 光の楔,ハートオブフレイム / リジェネレイト / レジストバインド / 守りのミンネ / 心の棘,https://eldersign.jp/rankmatch?cmd=v&rk=5&v=4&se=7&t=1,https://eldersign.jp/rankmatch?cmd=v&rk=5&v=36&se=7&t=1,https://eldersign.jp/rankmatch?cmd=v&rk=5&v=68&se=7&t=1,https://eldersign.jp/rankmatch?cmd=v&rk=5&v=100&se=7&t=1,https://eldersign.jp/rankmatch?cmd=v&rk=5&v=133&se=7&t=1,https://eldersign.jp/rankmatch?cmd=v&rk=5&v=134&se=7&t=1,https://eldersign.jp/rankmatch?cmd=v&rk=5&v=135&se=7&t=1,https://eldersign.jp/rankmatch?cmd=v&rk=5&v=136&se=7&t=1,https://eldersign.jp/rankmatch?cmd=v&rk=5&v=137&se=7&t=1,https://eldersign.jp/rankmatch?cmd=v&rk=5&v=138&se=7&t=1,https://eldersign.jp/rankmatch?cmd=v&rk=5&v=139&se=7&t=1
カリスト,E,6,畝の後ろの後ろを歩くモノ,69,原,https://eldersign.jp/img/mi/g/f0/055_dark-young_0g4.png,ガッシマ / スキュアー / スタンピード / トライペック / トランキリティ / ベノムスクラッチ,ハートオブオーシャン / リジェネレイト / 守りのミンネ / 戦いのエール,https://eldersign.jp/rankmatch?cmd=v&rk=5&v=100&se=7&t=1,https://eldersign.jp/rankmatch?cmd=v&rk=5&v=135&se=7&t=1,https://eldersign.jp/rankmatch?cmd=v&rk=5&v=136&se=7&t=1,https://eldersign.jp/rankmatch?cmd=v&rk=5&v=137&se=7&t=1,https://eldersign.jp/rankmatch?cmd=v&rk=5&v=138&se=7&t=1,https://eldersign.jp/rankmatch?cmd=v&rk=5&v=139&se=7&t=1,,,,,
Lollypop,D,9,ハイドラ (1),54,原,https://eldersign.jp/img/mi/g/f0/048_hydra_0g4.png,アースクェイク / ダブルアタック / チャージ / ベノムスクラッチ / ラーヴァフロウ,ミラージュ / リフレクション / 守りのミンネ / 戦いのエール,https://eldersign.jp/rankmatch?cmd=v&rk=5&v=3&se=7&t=1,https://eldersign.jp/rankmatch?cmd=v&rk=5&v=35&se=7&t=1,https://eldersign.jp/rankmatch?cmd=v&rk=5&v=67&se=7&t=1,https://eldersign.jp/rankmatch?cmd=v&rk=5&v=100&se=7&t=1,https://eldersign.jp/rankmatch?cmd=v&rk=5&v=101&se=7&t=1,https://eldersign.jp/rankmatch?cmd=v&rk=5&v=102&se=7&t=1,https://eldersign.jp/rankmatch?cmd=v&rk=5&v=103&se=7&t=1,https://eldersign.jp/rankmatch?cmd=v&rk=5&v=105&se=7&t=1,https://eldersign.jp/rankmatch?cmd=v&rk=5&v=107&se=7&t=1,,
Lollypop,D,10,ハイドラ (2),54,亜2,https://eldersign.jp/img/mi/p/f0/048_hydra_2g4.png,アースクェイク / スタンピード / チャージ / ペトロガス / ラーヴァフロウ,カウンター / リフレクション / 守りのミンネ / 戦いのエール,https://eldersign.jp/rankmatch?cmd=v&rk=5&v=3&se=7&t=1,https://eldersign.jp/rankmatch?cmd=v&rk=5&v=35&se=7&t=1,https://eldersign.jp/rankmatch?cmd=v&rk=5&v=67&se=7&t=1,https://eldersign.jp/rankmatch?cmd=v&rk=5&v=100&se=7&t=1,https://eldersign.jp/rankmatch?cmd=v&rk=5&v=101&se=7&t=1,https://eldersign.jp/rankmatch?cmd=v&rk=5&v=102&se=7&t=1,https://eldersign.jp/rankmatch?cmd=v&rk=5&v=103&se=7&t=1,https://eldersign.jp/rankmatch?cmd=v&rk=5&v=105&se=7&t=1,https://eldersign.jp/rankmatch?cmd=v&rk=5&v=106&se=7&t=1,https://eldersign.jp/rankmatch?cmd=v&rk=5&v=107&se=7&t=1,
Lollypop,D,11,猫も可愛いね,43,亜1,https://eldersign.jp/img/mi/g/f0/065_cats-of-ulthar_1g7.png,キャンセレイション / フライト / リヴァイヴ / 光のベール / 月光浴,クィックオーダー / ハートオブフレイム / リジェネレイト / 命中ブースト,https://eldersign.jp/rankmatch?cmd=v&rk=5&v=3&se=7&t=1,https://eldersign.jp/rankmatch?cmd=v&rk=5&v=35&se=7&t=1,https://eldersign.jp/rankmatch?cmd=v&rk=5&v=67&se=7&t=1,https://eldersign.jp/rankmatch?cmd=v&rk=5&v=100&se=7&t=1,https://eldersign.jp/rankmatch?cmd=v&rk=5&v=101&se=7&t=1,https://eldersign.jp/rankmatch?cmd=v&rk=5&v=102&se=7&t=1,https://eldersign.jp/rankmatch?cmd=v&rk=5&v=103&se=7&t=1,https://eldersign.jp/rankmatch?cmd=v&rk=5&v=104&se=7&t=1,https://eldersign.jp/rankmatch?cmd=v&rk=5&v=105&se=7&t=1,https://eldersign.jp/rankmatch?cmd=v&rk=5&v=106&se=7&t=1,https://eldersign.jp/rankmatch?cmd=v&rk=5&v=107&se=7&t=1
Lollypop,D,6,小さな空の覇者,59,亜1,https://eldersign.jp/img/mi/g/f0/026_cwn-annwn_1g7.png,クルセイド / スリープクラウド / バーニングレイジ / 光のベール / 光の楔,フレイムアシスト / フレイムバリア / レジストシール / レジストバインド,https://eldersign.jp/rankmatch?cmd=v&rk=5&v=3&se=7&t=1,https://eldersign.jp/rankmatch?cmd=v&rk=5&v=100&se=7&t=1,https://eldersign.jp/rankmatch?cmd=v&rk=5&v=103&se=7&t=1,https://eldersign.jp/rankmatch?cmd=v&rk=5&v=105&se=7&t=1,https://eldersign.jp/rankmatch?cmd=v&rk=5&v=106&se=7&t=1,https://eldersign.jp/rankmatch?cmd=v&rk=5&v=107&se=7&t=1,,,,,
Lollypop,D,5,シルバードラゴン,49,原,https://eldersign.jp/img/mi/g/f0/050_silver-dragon_0g7.png,スリープクラウド / テンペスト / バーニングレイジ / ヒーリング / ファイアランス,フレイムアシスト / フレイムバリア,https://eldersign.jp/rankmatch?cmd=v&rk=5&v=35&se=7&t=1,https://eldersign.jp/rankmatch?cmd=v&rk=5&v=67&se=7&t=1,https://eldersign.jp/rankmatch?cmd=v&rk=5&v=101&se=7&t=1,https://eldersign.jp/rankmatch?cmd=v&rk=5&v=102&se=7&t=1,https://eldersign.jp/rankmatch?cmd=v&rk=5&v=104&se=7&t=1,,,,,,
Lollypop,D,1,裏ドラ,55,亜2,https://eldersign.jp/img/mi/p/f0/048_hydra_2g4.png,アースクェイク / スタンピード / チャージ / ペトロガス / ラーヴァフロウ,守りのミンネ / 戦いのエール,https://eldersign.jp/rankmatch?cmd=v&rk=5&v=104&se=7&t=1,,,,,,,,,,
Lollypop,D,1,ドラ1,54,原,https://eldersign.jp/img/mi/g/f0/048_hydra_0g4.png,ダブルアタック / チャージ / ベノムスクラッチ,守りのミンネ / 戦いのエール,https://eldersign.jp/rankmatch?cmd=v&rk=5&v=104&se=7&t=1,,,,,,,,,,
Lollypop,D,1,うにょうにょ,59,亜2,https://eldersign.jp/img/mi/p/f0/055_dark-young_2g4.png,スウィング / トライペック / ホロウワールド,守りのミンネ / 戦いのエール,https://eldersign.jp/rankmatch?cmd=v&rk=5&v=106&se=7&t=1,,,,,,,,,,
ユウア,C,2,ブラスドラゴン (1),42,亜1,https://eldersign.jp/img/mi/p/f0/049_brass-dragon_1g4.png,スタンピード / スパイクテイル / チャージ / ハードブロウ / ブラッドセイバー,守りのミンネ / 戦いのエール,https://eldersign.jp/rankmatch?cmd=v&rk=5&v=2&se=7&t=1,https://eldersign.jp/rankmatch?cmd=v&rk=5&v=68&se=7&t=1,,,,,,,,,
ユウア,C,2,ブラスドラゴン (2),36,亜1,https://eldersign.jp/img/mi/p/f0/049_brass-dragon_1g4.png,スタンピード / チャージ / ハードブロウ / ベノムスティング,守りのミンネ / 戦いのエール,https://eldersign.jp/rankmatch?cmd=v&rk=5&v=2&se=7&t=1,https://eldersign.jp/rankmatch?cmd=v&rk=5&v=68&se=7&t=1,,,,,,,,,
ユウア,C,1,パズズ,36,亜1,https://eldersign.jp/img/mi/p/f0/045_pazuzu_1g4.png,ドラゴニックロア / 光の楔 / 月光浴,クィックオーダー,https://eldersign.jp/rankmatch?cmd=v&rk=5&v=2&se=7&t=1,,,,,,,,,,
ユウア,C,1,シルバードラゴン,36,亜1,https://eldersign.jp/img/mi/p/f0/050_silver-dragon_1g7.png,カラカス / クルセイド / サーチライト / ヒーリング / ファイアランス,守りのミンネ / 心の壁,https://eldersign.jp/rankmatch?cmd=v&rk=5&v=2&se=7&t=1,,,,,,,,,,
ユウア,C,4,ダークヤング (1),47,原,https://eldersign.jp/img/mi/g/f0/055_dark-young_0g7.png,ガッシマ / スタンピード / チャージ / ハードブロウ / ブラッドセイバー,守りのミンネ / 戦いのエール,https://eldersign.jp/rankmatch?cmd=v&rk=5&v=34&se=7&t=1,https://eldersign.jp/rankmatch?cmd=v&rk=5&v=72&se=7&t=1,https://eldersign.jp/rankmatch?cmd=v&rk=5&v=74&se=7&t=1,https://eldersign.jp/rankmatch?cmd=v&rk=5&v=75&se=7&t=1,,,,,,,
ユウア,C,1,ダークヤング (2),42,原,https://eldersign.jp/img/mi/g/f0/055_dark-young_0g4.png,ガッシマ / スタンピード / チャージ / ハードブロウ,守りのミンネ / 戦いのエール,https://eldersign.jp/rankmatch?cmd=v&rk=5&v=34&se=7&t=1,,,,,,,,,,
ユウア,C,3,アークディスプレイサー,61,原,https://eldersign.jp/img/mi/g/f0/057_arch-displacers_0g4.png,アンブッシュ / カラカス / ホロウワールド / 光のベール / 光の楔,HPブースト / エンジェリックウィング / クィックオーダー / 命中ブースト,https://eldersign.jp/rankmatch?cmd=v&rk=5&v=34&se=7&t=1,https://eldersign.jp/rankmatch?cmd=v&rk=5&v=70&se=7&t=1,https://eldersign.jp/rankmatch?cmd=v&rk=5&v=72&se=7&t=1,,,,,,,,
ユウア,C,3,アトラク＝ナクア,41,亜2,https://eldersign.jp/img/mi/p/f0/066_atlach-nacha_2g4.png,エンジェルダスト / ゴッサマーチェイン / トランキリティ / ミラーズ / ユロール,エンジェリックウィング / クィックオーダー / ミラージュ / リジェネレイト / リフレクション / 命中ブースト,https://eldersign.jp/rankmatch?cmd=v&rk=5&v=34&se=7&t=1,https://eldersign.jp/rankmatch?cmd=v&rk=5&v=70&se=7&t=1,https://eldersign.jp/rankmatch?cmd=v&rk=5&v=72&se=7&t=1,,,,,,,,
ユウア,C,2,フラーユ,32,原,https://eldersign.jp/img/mi/p/f0/058_floweyu_0g4.png,アイスランス / セメタリーゲート / ペイルムーン,コールドアシスト / ハートオブマーブル / 敏捷ブースト,https://eldersign.jp/rankmatch?cmd=v&rk=5&v=67&se=7&t=1,https://eldersign.jp/rankmatch?cmd=v&rk=5&v=69&se=7&t=1,,,,,,,,,
ユウア,C,3,ルサルカ,50,亜2,https://eldersign.jp/img/mi/p/f0/041_rusalka_2g4.png,アイスランス / ウィンターブラスト / スリープクラウド / フラッド,クィックオーダー / ハートオブマーブル / リジェネレイト / 命中ブースト / 敏捷ブースト / 魔力ブースト,https://eldersign.jp/rankmatch?cmd=v&rk=5&v=67&se=7&t=1,https://eldersign.jp/rankmatch?cmd=v&rk=5&v=74&se=7&t=1,https://eldersign.jp/rankmatch?cmd=v&rk=5&v=75&se=7&t=1,,,,,,,,
ユウア,C,5,エアリエル,57,原,https://eldersign.jp/img/mi/g/f0/039_ariel_0g7.png,セメタリーゲート / テンペスト / ヒーリング / ファイアランス / フェアリーエイド,HPブースト / クィックオーダー,https://eldersign.jp/rankmatch?cmd=v&rk=5&v=67&se=7&t=1,https://eldersign.jp/rankmatch?cmd=v&rk=5&v=68&se=7&t=1,https://eldersign.jp/rankmatch?cmd=v&rk=5&v=69&se=7&t=1,https://eldersign.jp/rankmatch?cmd=v&rk=5&v=74&se=7&t=1,https://eldersign.jp/rankmatch?cmd=v&rk=5&v=75&se=7&t=1,,,,,,
ユウア,C,3,サキュバス,46,亜1,https://eldersign.jp/img/mi/p/f0/043_succubus_1g7.png,アウェイクニング / エルフショット / セメタリーゲート / 悪魔のトリル,クィックオーダー / ハートオブフレイム / 命中ブースト / 敏捷ブースト / 魔力ブースト,https://eldersign.jp/rankmatch?cmd=v&rk=5&v=67&se=7&t=1,https://eldersign.jp/rankmatch?cmd=v&rk=5&v=68&se=7&t=1,https://eldersign.jp/rankmatch?cmd=v&rk=5&v=69&se=7&t=1,,,,,,,,
ユウア,C,3,ドール (1),48,原,https://eldersign.jp/img/mi/g/f0/056_dhole_0g7.png,アースクェイク / スタンピード / チャージ / ハードブロウ / ブラッドセイバー,エンジェリックウィング / ミラージュ / リジェネレイト / 戦いのエール,https://eldersign.jp/rankmatch?cmd=v&rk=5&v=70&se=7&t=1,https://eldersign.jp/rankmatch?cmd=v&rk=5&v=71&se=7&t=1,https://eldersign.jp/rankmatch?cmd=v&rk=5&v=73&se=7&t=1,,,,,,,,
ユウア,C,3,ドール (2),45,原,https://eldersign.jp/img/mi/g/f0/056_dhole_0g4.png,アースクェイク / カロウシブスピット / スタンピード / チャージ / ハードブロウ,エンジェリックウィング / ハートオブオーシャン / ハートオブマーブル / ミラージュ,https://eldersign.jp/rankmatch?cmd=v&rk=5&v=70&se=7&t=1,https://eldersign.jp/rankmatch?cmd=v&rk=5&v=71&se=7&t=1,https://eldersign.jp/rankmatch?cmd=v&rk=5&v=73&se=7&t=1,,,,,,,,
ユウア,C,2,オールドワン,56,亜2,https://eldersign.jp/img/mi/p/f0/051_old-one_2g4.png,エルフショット / ミラーズ / ユロール / 光のベール / 悪魔のトリル,エンジェリックウィング,https://eldersign.jp/rankmatch?cmd=v&rk=5&v=71&se=7&t=1,https://eldersign.jp/rankmatch?cmd=v&rk=5&v=73&se=7&t=1,,,,,,,,,
ユウア,C,2,F.S.M.,33,原,https://eldersign.jp/img/mi/g/f0/053_fsm_0g7.png,エルフショット / ハスタリーザ / パンデミック / 光のベール / 光の楔,クィックオーダー / 命中ブースト,https://eldersign.jp/rankmatch?cmd=v&rk=5&v=71&se=7&t=1,https://eldersign.jp/rankmatch?cmd=v&rk=5&v=73&se=7&t=1,,,,,,,,,
けけけけ,B,3,アルルーナ,49,原,https://eldersign.jp/img/mi/g/f0/040_alrunes_0g7.png,アイスランス / エンジェルダスト / ラストシュリーク / リヴァイヴ,守りのミンネ / 防御ブースト,https://eldersign.jp/rankmatch?cmd=v&rk=5&v=1&se=7&t=1,https://eldersign.jp/rankmatch?cmd=v&rk=5&v=35&se=7&t=1,https://eldersign.jp/rankmatch?cmd=v&rk=5&v=37&se=7&t=1,,,,,,,,
けけけけ,B,3,フラーユ,48,原,https://eldersign.jp/img/mi/p/f0/058_floweyu_0g4.png,フェアリーエイド / ペイルムーン / 桜花泡影,コールドアシスト / 敏捷ブースト,https://eldersign.jp/rankmatch?cmd=v&rk=5&v=1&se=7&t=1,https://eldersign.jp/rankmatch?cmd=v&rk=5&v=35&se=7&t=1,https://eldersign.jp/rankmatch?cmd=v&rk=5&v=37&se=7&t=1,,,,,,,,
けけけけ,B,3,ペリ,49,亜2,https://eldersign.jp/img/mi/p/f0/042_peri_2g4.png,アウェイクニング / セメタリーゲート / ムーランルージュ / レーヴァテイン,フレイムアシスト / フレイムバリア,https://eldersign.jp/rankmatch?cmd=v&rk=5&v=1&se=7&t=1,https://eldersign.jp/rankmatch?cmd=v&rk=5&v=35&se=7&t=1,https://eldersign.jp/rankmatch?cmd=v&rk=5&v=37&se=7&t=1,,,,,,,,
けけけけ,B,3,ルサルカ,52,原,https://eldersign.jp/img/mi/g/f0/041_rusalka_0g7.png,ウィンターブラスト / フォグ / ペイルムーン,メンタルケア / 地味づくり / 心の棘 / 魔力ブースト,https://eldersign.jp/rankmatch?cmd=v&rk=5&v=1&se=7&t=1,https://eldersign.jp/rankmatch?cmd=v&rk=5&v=35&se=7&t=1,https://eldersign.jp/rankmatch?cmd=v&rk=5&v=37&se=7&t=1,,,,,,,,
けけけけ,B,8,ダークヤング,57,原,https://eldersign.jp/img/mi/g/f0/055_dark-young_0g7.png,のしかかり / ガッシマ / スタンピード / ホロウワールド,戦いのエール / 攻撃ブースト,https://eldersign.jp/rankmatch?cmd=v&rk=5&v=34&se=7&t=1,https://eldersign.jp/rankmatch?cmd=v&rk=5&v=36&se=7&t=1,https://eldersign.jp/rankmatch?cmd=v&rk=5&v=38&se=7&t=1,https://eldersign.jp/rankmatch?cmd=v&rk=5&v=39&se=7&t=1,https://eldersign.jp/rankmatch?cmd=v&rk=5&v=40&se=7&t=1,https://eldersign.jp/rankmatch?cmd=v&rk=5&v=41&se=7&t=1,https://eldersign.jp/rankmatch?cmd=v&rk=5&v=42&se=7&t=1,https://eldersign.jp/rankmatch?cmd=v&rk=5&v=43&se=7&t=1,,,
けけけけ,B,8,ドール,53,原,https://eldersign.jp/img/mi/g/f0/056_dhole_0g7.png,のしかかり / アースクェイク / カロウシブスピット / スタンピード,リジェネレイト / 戦いのエール,https://eldersign.jp/rankmatch?cmd=v&rk=5&v=34&se=7&t=1,https://eldersign.jp/rankmatch?cmd=v&rk=5&v=36&se=7&t=1,https://eldersign.jp/rankmatch?cmd=v&rk=5&v=38&se=7&t=1,https://eldersign.jp/rankmatch?cmd=v&rk=5&v=39&se=7&t=1,https://eldersign.jp/rankmatch?cmd=v&rk=5&v=40&se=7&t=1,https://eldersign.jp/rankmatch?cmd=v&rk=5&v=41&se=7&t=1,https://eldersign.jp/rankmatch?cmd=v&rk=5&v=42&se=7&t=1,https://eldersign.jp/rankmatch?cmd=v&rk=5&v=43&se=7&t=1,,,
けけけけ,B,8,グレムリン,39,原,https://eldersign.jp/img/mi/s/f0/021_gremlin_0g4.png,光の楔 / 闇の楔 / 風葬,心の壁 / 心の棘,https://eldersign.jp/rankmatch?cmd=v&rk=5&v=34&se=7&t=1,https://eldersign.jp/rankmatch?cmd=v&rk=5&v=36&se=7&t=1,https://eldersign.jp/rankmatch?cmd=v&rk=5&v=38&se=7&t=1,https://eldersign.jp/rankmatch?cmd=v&rk=5&v=39&se=7&t=1,https://eldersign.jp/rankmatch?cmd=v&rk=5&v=40&se=7&t=1,https://eldersign.jp/rankmatch?cmd=v&rk=5&v=41&se=7&t=1,https://eldersign.jp/rankmatch?cmd=v&rk=5&v=42&se=7&t=1,https://eldersign.jp/rankmatch?cmd=v&rk=5&v=43&se=7&t=1,,,
けけけけ,B,8,オールドワン,49,原,https://eldersign.jp/img/mi/g/f0/051_old-one_0g4.png,ミラーズ / ユロール / 光の楔 / 風葬,クィックオーダー / 地味づくり,https://eldersign.jp/rankmatch?cmd=v&rk=5&v=34&se=7&t=1,https://eldersign.jp/rankmatch?cmd=v&rk=5&v=36&se=7&t=1,https://eldersign.jp/rankmatch?cmd=v&rk=5&v=38&se=7&t=1,https://eldersign.jp/rankmatch?cmd=v&rk=5&v=39&se=7&t=1,https://eldersign.jp/rankmatch?cmd=v&rk=5&v=40&se=7&t=1,https://eldersign.jp/rankmatch?cmd=v&rk=5&v=41&se=7&t=1,https://eldersign.jp/rankmatch?cmd=v&rk=5&v=42&se=7&t=1,https://eldersign.jp/rankmatch?cmd=v&rk=5&v=43&se=7&t=1,,,
なまはる,K,9,フラーユ,30,原,https://eldersign.jp/img/mi/p/f0/058_floweyu_0g1.png,セメタリーゲート / パンデミック / ヒヤデスウィンド / ベノムスクラッチ / 桜花泡影 / 狐火,フレイムアシスト,https://eldersign.jp/rankmatch?cmd=v&rk=5&v=10&se=7&t=1,https://eldersign.jp/rankmatch?cmd=v&rk=5&v=42&se=7&t=1,https://eldersign.jp/rankmatch?cmd=v&rk=5&v=74&se=7&t=1,https://eldersign.jp/rankmatch?cmd=v&rk=5&v=106&se=7&t=1,https://eldersign.jp/rankmatch?cmd=v&rk=5&v=138&se=7&t=1,https://eldersign.jp/rankmatch?cmd=v&rk=5&v=170&se=7&t=1,https://eldersign.jp/rankmatch?cmd=v&rk=5&v=202&se=7&t=1,https://eldersign.jp/rankmatch?cmd=v&rk=5&v=266&se=7&t=1,https://eldersign.jp/rankmatch?cmd=v&rk=5&v=298&se=7&t=1,,
なまはる,K,9,エアリエル,33,原,https://eldersign.jp/img/mi/g/f0/039_ariel_0g4.png,セメタリーゲート / テンペスト / フェアリーエイド / ベノムスクラッチ / ペイルムーン / 風切り,守りのミンネ / 戦いのエール,https://eldersign.jp/rankmatch?cmd=v&rk=5&v=10&se=7&t=1,https://eldersign.jp/rankmatch?cmd=v&rk=5&v=42&se=7&t=1,https://eldersign.jp/rankmatch?cmd=v&rk=5&v=74&se=7&t=1,https://eldersign.jp/rankmatch?cmd=v&rk=5&v=106&se=7&t=1,https://eldersign.jp/rankmatch?cmd=v&rk=5&v=138&se=7&t=1,https://eldersign.jp/rankmatch?cmd=v&rk=5&v=170&se=7&t=1,https://eldersign.jp/rankmatch?cmd=v&rk=5&v=202&se=7&t=1,https://eldersign.jp/rankmatch?cmd=v&rk=5&v=266&se=7&t=1,https://eldersign.jp/rankmatch?cmd=v&rk=5&v=298&se=7&t=1,,
なまはる,K,2,セイレン (1),28,亜1,https://eldersign.jp/img/mi/g/f0/024_seiren_1g1.png,アウェイクニング / ヒーリング / 光の楔 / 悪魔のトリル / 風葬,心の棘 / 魔力ブースト,https://eldersign.jp/rankmatch?cmd=v&rk=5&v=234&se=7&t=1,https://eldersign.jp/rankmatch?cmd=v&rk=5&v=331&se=7&t=1,,,,,,,,,
なまはる,K,9,セイレン (2),44,亜2,https://eldersign.jp/img/mi/g/f0/024_seiren_2g4.png,アウェイクニング / ヒーリング / ペイルムーン / ポイズンクラウド / 狐火,クィックオーダー,https://eldersign.jp/rankmatch?cmd=v&rk=5&v=10&se=7&t=1,https://eldersign.jp/rankmatch?cmd=v&rk=5&v=42&se=7&t=1,https://eldersign.jp/rankmatch?cmd=v&rk=5&v=74&se=7&t=1,https://eldersign.jp/rankmatch?cmd=v&rk=5&v=106&se=7&t=1,https://eldersign.jp/rankmatch?cmd=v&rk=5&v=138&se=7&t=1,https://eldersign.jp/rankmatch?cmd=v&rk=5&v=170&se=7&t=1,https://eldersign.jp/rankmatch?cmd=v&rk=5&v=202&se=7&t=1,https://eldersign.jp/rankmatch?cmd=v&rk=5&v=266&se=7&t=1,https://eldersign.jp/rankmatch?cmd=v&rk=5&v=298&se=7&t=1,,
なまはる,K,9,サキュバス,38,亜1,https://eldersign.jp/img/mi/p/f0/043_succubus_1g4.png,スタンダールシンドローム / スノウストーム / スリートストーム / テンプテイション / リヴァイヴ,コールドアシスト / 予習復習,https://eldersign.jp/rankmatch?cmd=v&rk=5&v=10&se=7&t=1,https://eldersign.jp/rankmatch?cmd=v&rk=5&v=42&se=7&t=1,https://eldersign.jp/rankmatch?cmd=v&rk=5&v=74&se=7&t=1,https://eldersign.jp/rankmatch?cmd=v&rk=5&v=106&se=7&t=1,https://eldersign.jp/rankmatch?cmd=v&rk=5&v=138&se=7&t=1,https://eldersign.jp/rankmatch?cmd=v&rk=5&v=170&se=7&t=1,https://eldersign.jp/rankmatch?cmd=v&rk=5&v=202&se=7&t=1,https://eldersign.jp/rankmatch?cmd=v&rk=5&v=266&se=7&t=1,https://eldersign.jp/rankmatch?cmd=v&rk=5&v=298&se=7&t=1,,
なまはる,K,2,パズズ,27,原,https://eldersign.jp/img/mi/g/f0/045_pazuzu_0g4.png,ダブルアタック / デルタスラッシュ / ドラゴニックロア,コールドバリア / 命中ブースト,https://eldersign.jp/rankmatch?cmd=v&rk=5&v=234&se=7&t=1,https://eldersign.jp/rankmatch?cmd=v&rk=5&v=331&se=7&t=1,,,,,,,,,
なまはる,K,2,ハイドラ,27,原,https://eldersign.jp/img/mi/g/f0/048_hydra_0g4.png,イーグルアイ / エイミング / ダブルアタック / ラーヴァフロウ,フレイムアシスト,https://eldersign.jp/rankmatch?cmd=v&rk=5&v=234&se=7&t=1,https://eldersign.jp/rankmatch?cmd=v&rk=5&v=331&se=7&t=1,,,,,,,,,
なまはる,K,2,シルバードラゴン,30,原,https://eldersign.jp/img/mi/g/f0/050_silver-dragon_0g4.png,ファイアボール / フラッシュファイア / リヴァイヴ / 炎の刻印 / 狐火,フレイムアシスト,https://eldersign.jp/rankmatch?cmd=v&rk=5&v=234&se=7&t=1,https://eldersign.jp/rankmatch?cmd=v&rk=5&v=331&se=7&t=1,,,,,,,,,
センカ,G,3,シシリー,25,原,https://eldersign.jp/img/mi/p/f0/058_floweyu_0g1.png,アイスランス / ヒーリングヘイズ / 光のベール / 桜花泡影,カウンター / 守りのミンネ / 戦いのエール,https://eldersign.jp/rankmatch?cmd=v&rk=5&v=6&se=7&t=1,https://eldersign.jp/rankmatch?cmd=v&rk=5&v=38&se=7&t=1,https://eldersign.jp/rankmatch?cmd=v&rk=5&v=199&se=7&t=1,,,,,,,,
センカ,G,1,メアリー,16,原,https://eldersign.jp/img/mi/g/f0/040_alrunes_0g4.png,エンジェルダスト / ダークボルト / ヒーリング / ラストシュリーク,守りのミンネ / 防御ブースト,https://eldersign.jp/rankmatch?cmd=v&rk=5&v=6&se=7&t=1,,,,,,,,,,
センカ,G,8,ミランダ,30,原,https://eldersign.jp/img/mi/g/f0/039_ariel_0g4.png,アイスランス / ウィンドボルト / セメタリーゲート / テンペスト / ヒヤデスウィンド,ミラージュ / 心の棘 / 魔力ブースト,https://eldersign.jp/rankmatch?cmd=v&rk=5&v=6&se=7&t=1,https://eldersign.jp/rankmatch?cmd=v&rk=5&v=38&se=7&t=1,https://eldersign.jp/rankmatch?cmd=v&rk=5&v=70&se=7&t=1,https://eldersign.jp/rankmatch?cmd=v&rk=5&v=102&se=7&t=1,https://eldersign.jp/rankmatch?cmd=v&rk=5&v=166&se=7&t=1,https://eldersign.jp/rankmatch?cmd=v&rk=5&v=199&se=7&t=1,https://eldersign.jp/rankmatch?cmd=v&rk=5&v=200&se=7&t=1,https://eldersign.jp/rankmatch?cmd=v&rk=5&v=203&se=7&t=1,,,
センカ,G,1,ホブゴブリン,14,亜2,https://eldersign.jp/img/mi/g/f1/109_hobgoblin_2g7.png,キャンセレイション / ヘムトン・ハムテン / ロッツオブラフ,,https://eldersign.jp/rankmatch?cmd=v&rk=5&v=6&se=7&t=1,,,,,,,,,,
センカ,G,10,エオヒド,40,亜2,https://eldersign.jp/img/mi/p/f0/044_ankou_2g4.png,ウィンドボルト / エルフショット / パリィ / パンデミック / ファイアランス,エンジェリックウィング / フレイムアシスト / 敏捷ブースト / 防御ブースト / 魔力ブースト,https://eldersign.jp/rankmatch?cmd=v&rk=5&v=38&se=7&t=1,https://eldersign.jp/rankmatch?cmd=v&rk=5&v=70&se=7&t=1,https://eldersign.jp/rankmatch?cmd=v&rk=5&v=102&se=7&t=1,https://eldersign.jp/rankmatch?cmd=v&rk=5&v=134&se=7&t=1,https://eldersign.jp/rankmatch?cmd=v&rk=5&v=166&se=7&t=1,https://eldersign.jp/rankmatch?cmd=v&rk=5&v=199&se=7&t=1,https://eldersign.jp/rankmatch?cmd=v&rk=5&v=200&se=7&t=1,https://eldersign.jp/rankmatch?cmd=v&rk=5&v=201&se=7&t=1,https://eldersign.jp/rankmatch?cmd=v&rk=5&v=202&se=7&t=1,https://eldersign.jp/rankmatch?cmd=v&rk=5&v=203&se=7&t=1,
センカ,G,7,アエス,45,原,https://eldersign.jp/img/mi/g/f0/041_rusalka_0g7.png,アイスランス / セメタリーゲート / ヒーリングヘイズ / フラッド / ペイルムーン,エンジェリックウィング / コールドアシスト / レジストシール / 敏捷ブースト / 防御ブースト / 魔力ブースト,https://eldersign.jp/rankmatch?cmd=v&rk=5&v=38&se=7&t=1,https://eldersign.jp/rankmatch?cmd=v&rk=5&v=70&se=7&t=1,https://eldersign.jp/rankmatch?cmd=v&rk=5&v=102&se=7&t=1,https://eldersign.jp/rankmatch?cmd=v&rk=5&v=134&se=7&t=1,https://eldersign.jp/rankmatch?cmd=v&rk=5&v=166&se=7&t=1,https://eldersign.jp/rankmatch?cmd=v&rk=5&v=200&se=7&t=1,https://eldersign.jp/rankmatch?cmd=v&rk=5&v=203&se=7&t=1,,,,
センカ,G,6,ゴフン,31,原,https://eldersign.jp/img/mi/g/f0/055_dark-young_0g4.png,のしかかり / ガッシマ / スタンピード / チャージ / ニグラーヌ,守りのミンネ / 戦いのエール / 防御ブースト,https://eldersign.jp/rankmatch?cmd=v&rk=5&v=70&se=7&t=1,https://eldersign.jp/rankmatch?cmd=v&rk=5&v=102&se=7&t=1,https://eldersign.jp/rankmatch?cmd=v&rk=5&v=166&se=7&t=1,https://eldersign.jp/rankmatch?cmd=v&rk=5&v=201&se=7&t=1,https://eldersign.jp/rankmatch?cmd=v&rk=5&v=202&se=7&t=1,https://eldersign.jp/rankmatch?cmd=v&rk=5&v=203&se=7&t=1,,,,,
センカ,G,1,シムルグ,32,原,https://eldersign.jp/img/mi/g/f0/046_simorgh_0g4.png,シードハウザー / テラーコール / ハードブロウ / バードサンクチュアリ,守りのミンネ / 戦いのエール,https://eldersign.jp/rankmatch?cmd=v&rk=5&v=134&se=7&t=1,,,,,,,,,,
センカ,G,1,ワイバーン,29,亜1,https://eldersign.jp/img/mi/g/f0/029_wyvern_1g7.png,チャージ / ラーヴァフロウ / 光の刻印,戦いのエール / 攻撃ブースト,https://eldersign.jp/rankmatch?cmd=v&rk=5&v=134&se=7&t=1,,,,,,,,,,
センカ,G,1,サキュバス,22,原,https://eldersign.jp/img/mi/g/f0/043_succubus_0g4.png,アウェイクニング,心の壁 / 心の棘,https://eldersign.jp/rankmatch?cmd=v&rk=5&v=199&se=7&t=1,,,,,,,,,,
センカ,G,2,リャオタン,31,原,https://eldersign.jp/img/mi/g/f0/054_hounds-of-tindalos_0g4.png,くすぐり / スタンピード / チャージ / テラーコール / フェイズアウト,守りのミンネ / 戦いのエール,https://eldersign.jp/rankmatch?cmd=v&rk=5&v=200&se=7&t=1,https://eldersign.jp/rankmatch?cmd=v&rk=5&v=201&se=7&t=1,,,,,,,,,
センカ,G,2,オールドワン,37,原,https://eldersign.jp/img/mi/g/f0/051_old-one_0g4.png,エルフショット / セメタリーゲート / ヒーリング / ブラッドスティール / ミラーズ,心の壁 / 心の棘 / 魔力ブースト,https://eldersign.jp/rankmatch?cmd=v&rk=5&v=201&se=7&t=1,https://eldersign.jp/rankmatch?cmd=v&rk=5&v=202&se=7&t=1,,,,,,,,,
センカ,G,1,オルロック,29,亜1,https://eldersign.jp/img/mi/g/f0/074_nachzehrer_1g7.png,ウィンドボルト / シールド / ジャベリン / ディスペル / ヒーリング,心の壁 / 心の棘,https://eldersign.jp/rankmatch?cmd=v&rk=5&v=202&se=7&t=1,,,,,,,,,,
ポリープ,L,3,ワイバーンHP51㌫,38,原,https://eldersign.jp/img/mi/s/f0/029_wyvern_0g4.png,ジャバー / ベノムスティング,クィックオーダー / ビーストクッキー / 命中ブースト,https://eldersign.jp/rankmatch?cmd=v&rk=5&v=11&se=7&t=1,https://eldersign.jp/rankmatch?cmd=v&rk=5&v=171&se=7&t=1,https://eldersign.jp/rankmatch?cmd=v&rk=5&v=235&se=7&t=1,,,,,,,,
ポリープ,L,3,スターヴァンパイア,42,原,https://eldersign.jp/img/mi/g/f0/052_star-vampire_0g4.png,エナジードレイン / テラーコール / フェアリーキラー,アウタークッキー / クィックオーダー / 命中ブースト,https://eldersign.jp/rankmatch?cmd=v&rk=5&v=11&se=7&t=1,https://eldersign.jp/rankmatch?cmd=v&rk=5&v=107&se=7&t=1,https://eldersign.jp/rankmatch?cmd=v&rk=5&v=267&se=7&t=1,,,,,,,,
ポリープ,L,4,ビヤーキーヒヤデス,32,原,https://eldersign.jp/img/mi/s/f0/036_byakhee_0g4.png,スカラド / ヒヤデスウィンド,アウタークッキー,https://eldersign.jp/rankmatch?cmd=v&rk=5&v=11&se=7&t=1,https://eldersign.jp/rankmatch?cmd=v&rk=5&v=107&se=7&t=1,https://eldersign.jp/rankmatch?cmd=v&rk=5&v=171&se=7&t=1,https://eldersign.jp/rankmatch?cmd=v&rk=5&v=235&se=7&t=1,,,,,,,
ポリープ,L,4,フェアリードラゴン光のベ,24,原,https://eldersign.jp/img/mi/b/f0/009_fairy-dragon_0g1.png,アイスボール / 光のベール,クィックオーダー / ディレイオーダー / 命中ブースト / 守りのミンネ / 心の棘 / 魔力ブースト,https://eldersign.jp/rankmatch?cmd=v&rk=5&v=11&se=7&t=1,https://eldersign.jp/rankmatch?cmd=v&rk=5&v=139&se=7&t=1,https://eldersign.jp/rankmatch?cmd=v&rk=5&v=235&se=7&t=1,https://eldersign.jp/rankmatch?cmd=v&rk=5&v=267&se=7&t=1,,,,,,,
ポリープ,L,4,グレムリン,40,亜1,https://eldersign.jp/img/mi/g/f0/021_gremlin_1g4.png,ダブルアタック / ダークボルト / 光の楔 / 風葬,クィックオーダー / 命中ブースト / 心の棘 / 戦いのエール / 魔力ブースト,https://eldersign.jp/rankmatch?cmd=v&rk=5&v=43&se=7&t=1,https://eldersign.jp/rankmatch?cmd=v&rk=5&v=203&se=7&t=1,https://eldersign.jp/rankmatch?cmd=v&rk=5&v=299&se=7&t=1,https://eldersign.jp/rankmatch?cmd=v&rk=5&v=331&se=7&t=1,,,,,,,
ポリープ,L,5,ハイドラ,41,原,https://eldersign.jp/img/mi/g/f0/048_hydra_0g4.png,チャージ / ラーヴァフロウ / 誘い受け,つくもブースト / ミラージュ / 戦いのエール / 販促,https://eldersign.jp/rankmatch?cmd=v&rk=5&v=43&se=7&t=1,https://eldersign.jp/rankmatch?cmd=v&rk=5&v=107&se=7&t=1,https://eldersign.jp/rankmatch?cmd=v&rk=5&v=171&se=7&t=1,https://eldersign.jp/rankmatch?cmd=v&rk=5&v=235&se=7&t=1,https://eldersign.jp/rankmatch?cmd=v&rk=5&v=299&se=7&t=1,,,,,,
ポリープ,L,5,ドール,41,原,https://eldersign.jp/img/mi/g/f0/056_dhole_0g4.png,アースクェイク / カロウシブスピット / ダブルアタック / チャージ,ディレイオーダー / ミラージュ / 守りのミンネ / 戦いのエール,https://eldersign.jp/rankmatch?cmd=v&rk=5&v=43&se=7&t=1,https://eldersign.jp/rankmatch?cmd=v&rk=5&v=75&se=7&t=1,https://eldersign.jp/rankmatch?cmd=v&rk=5&v=203&se=7&t=1,https://eldersign.jp/rankmatch?cmd=v&rk=5&v=299&se=7&t=1,https://eldersign.jp/rankmatch?cmd=v&rk=5&v=331&se=7&t=1,,,,,,
ポリープ,L,2,ワンプクリアランス,32,亜1,https://eldersign.jp/img/mi/g/f0/033_wamp_1g7.png,クリアランス / ステンチ / セメタリーゲート,エンジェリックウィング / コールドバリア,https://eldersign.jp/rankmatch?cmd=v&rk=5&v=43&se=7&t=1,https://eldersign.jp/rankmatch?cmd=v&rk=5&v=299&se=7&t=1,,,,,,,,,
ポリープ,L,1,ペリ,40,原,https://eldersign.jp/img/mi/g/f0/042_peri_0g7.png,パイロクラズム,コールドアシスト,https://eldersign.jp/rankmatch?cmd=v&rk=5&v=75&se=7&t=1,,,,,,,,,,
ポリープ,L,4,セイレンアウェイク,34,亜2,https://eldersign.jp/img/mi/g/f0/024_seiren_2g4.png,アウェイクニング / エルフショット / 悪魔のトリル / 魔性の囁き,クィックオーダー / ミラージュ / 命中ブースト / 心の棘 / 魔力ブースト,https://eldersign.jp/rankmatch?cmd=v&rk=5&v=75&se=7&t=1,https://eldersign.jp/rankmatch?cmd=v&rk=5&v=139&se=7&t=1,https://eldersign.jp/rankmatch?cmd=v&rk=5&v=203&se=7&t=1,https://eldersign.jp/rankmatch?cmd=v&rk=5&v=331&se=7&t=1,,,,,,,
ポリープ,L,1,アルルーナ (1),38,原,https://eldersign.jp/img/mi/g/f0/040_alrunes_0g4.png,ルビーライト,エンジェリックウィング / コールドバリア,https://eldersign.jp/rankmatch?cmd=v&rk=5&v=75&se=7&t=1,,,,,,,,,,
ポリープ,L,2,アルルーナ (2),38,原,https://eldersign.jp/img/mi/g/f0/040_alrunes_0g4.png,エンジェルダスト / トランキリティ / ブラッドスティール / ラストシュリーク,ディレイオーダー / 守りのミンネ,https://eldersign.jp/rankmatch?cmd=v&rk=5&v=203&se=7&t=1,https://eldersign.jp/rankmatch?cmd=v&rk=5&v=331&se=7&t=1,,,,,,,,,
ポリープ,L,2,アトラク＝ナクア,13,原,https://eldersign.jp/img/mi/g/f0/066_atlach-nacha_0g4.png,ゴッサマーチェイン / ワインクラウド,エンジェリックウィング / コールドアシスト,https://eldersign.jp/rankmatch?cmd=v&rk=5&v=107&se=7&t=1,https://eldersign.jp/rankmatch?cmd=v&rk=5&v=171&se=7&t=1,,,,,,,,,
ポリープ,L,1,グレムリン光の楔,6,原,https://eldersign.jp/img/mi/s/f0/021_gremlin_0g4.png,光の楔 / 風葬,クィックオーダー / 命中ブースト,https://eldersign.jp/rankmatch?cmd=v&rk=5&v=139&se=7&t=1,,,,,,,,,,
ポリープ,L,1,ルサルカ,28,原,https://eldersign.jp/img/mi/g/f0/041_rusalka_0g4.png,フサリア / フラッド,フェアリークッキー,https://eldersign.jp/rankmatch?cmd=v&rk=5&v=139&se=7&t=1,,,,,,,,,,
ポリープ,L,1,ファイアヴァンパイア,26,原,https://eldersign.jp/img/mi/b/f0/081_fire-vampire_0g1.png,フサリア,セントリー / ハートオブオーシャン,https://eldersign.jp/rankmatch?cmd=v&rk=5&v=267&se=7&t=1,,,,,,,,,,
ポリープ,L,1,サキュバス,21,原,https://eldersign.jp/img/mi/g/f0/043_succubus_0g4.png,エルフショット / サクション / テンプテイション / ブラッドスティール,フェアリークッキー,https://eldersign.jp/rankmatch?cmd=v&rk=5&v=267&se=7&t=1,,,,,,,,,,
pmg,I,7,ガッシムレッド,50,原,https://eldersign.jp/img/mi/g/f0/055_dark-young_0g4.png,くすぐり / まさぐり / ガッシマ / チャージ / ベノムスクラッチ / ペトロガス,アウタークッキー / 守りのミンネ / 戦いのエール / 魔力ブースト,https://eldersign.jp/rankmatch?cmd=v&rk=5&v=8&se=7&t=1,https://eldersign.jp/rankmatch?cmd=v&rk=5&v=40&se=7&t=1,https://eldersign.jp/rankmatch?cmd=v&rk=5&v=72&se=7&t=1,https://eldersign.jp/rankmatch?cmd=v&rk=5&v=104&se=7&t=1,https://eldersign.jp/rankmatch?cmd=v&rk=5&v=136&se=7&t=1,https://eldersign.jp/rankmatch?cmd=v&rk=5&v=200&se=7&t=1,https://eldersign.jp/rankmatch?cmd=v&rk=5&v=266&se=7&t=1,,,,
pmg,I,7,ガッシムブルー,45,原,https://eldersign.jp/img/mi/g/f0/055_dark-young_0g4.png,ガッシマ / スタンピード / チャージ / バインドグラスプ / ペトロガス,レジストバインド / レジストペトリ / 守りのミンネ / 戦いのエール,https://eldersign.jp/rankmatch?cmd=v&rk=5&v=8&se=7&t=1,https://eldersign.jp/rankmatch?cmd=v&rk=5&v=40&se=7&t=1,https://eldersign.jp/rankmatch?cmd=v&rk=5&v=72&se=7&t=1,https://eldersign.jp/rankmatch?cmd=v&rk=5&v=104&se=7&t=1,https://eldersign.jp/rankmatch?cmd=v&rk=5&v=136&se=7&t=1,https://eldersign.jp/rankmatch?cmd=v&rk=5&v=200&se=7&t=1,https://eldersign.jp/rankmatch?cmd=v&rk=5&v=266&se=7&t=1,,,,
pmg,I,7,ガッシムイエロー,41,原,https://eldersign.jp/img/mi/g/f0/055_dark-young_0g4.png,テラーコール / ルビーライト / 光のベール,アウタークッキー / 魔力ブースト,https://eldersign.jp/rankmatch?cmd=v&rk=5&v=8&se=7&t=1,https://eldersign.jp/rankmatch?cmd=v&rk=5&v=40&se=7&t=1,https://eldersign.jp/rankmatch?cmd=v&rk=5&v=72&se=7&t=1,https://eldersign.jp/rankmatch?cmd=v&rk=5&v=104&se=7&t=1,https://eldersign.jp/rankmatch?cmd=v&rk=5&v=136&se=7&t=1,https://eldersign.jp/rankmatch?cmd=v&rk=5&v=200&se=7&t=1,https://eldersign.jp/rankmatch?cmd=v&rk=5&v=266&se=7&t=1,,,,
pmg,I,7,長官,38,原,https://eldersign.jp/img/mi/g/f0/051_old-one_0g4.png,ウィンドボルト / エルフショット / テンプテイション / ミラーズ,アウタークッキー / ミラージュ / レジストシック / 予習復習 / 敏捷ブースト,https://eldersign.jp/rankmatch?cmd=v&rk=5&v=8&se=7&t=1,https://eldersign.jp/rankmatch?cmd=v&rk=5&v=40&se=7&t=1,https://eldersign.jp/rankmatch?cmd=v&rk=5&v=72&se=7&t=1,https://eldersign.jp/rankmatch?cmd=v&rk=5&v=104&se=7&t=1,https://eldersign.jp/rankmatch?cmd=v&rk=5&v=136&se=7&t=1,https://eldersign.jp/rankmatch?cmd=v&rk=5&v=200&se=7&t=1,https://eldersign.jp/rankmatch?cmd=v&rk=5&v=266&se=7&t=1,,,,
pmg,I,4,一郎,48,原,https://eldersign.jp/img/mi/g/f0/055_dark-young_0g4.png,くすぐり / まさぐり / ガッシマ / チャージ / ペトロガス,リフレクション / 守りのミンネ / 戦いのエール / 敏捷ブースト,https://eldersign.jp/rankmatch?cmd=v&rk=5&v=168&se=7&t=1,https://eldersign.jp/rankmatch?cmd=v&rk=5&v=232&se=7&t=1,https://eldersign.jp/rankmatch?cmd=v&rk=5&v=265&se=7&t=1,https://eldersign.jp/rankmatch?cmd=v&rk=5&v=267&se=7&t=1,,,,,,,
pmg,I,4,二郎,45,原,https://eldersign.jp/img/mi/g/f0/055_dark-young_0g4.png,スタンピード / チャージ / バインドグラスプ / ペトロガス,セントリー / 守りのミンネ / 戦いのエール,https://eldersign.jp/rankmatch?cmd=v&rk=5&v=168&se=7&t=1,https://eldersign.jp/rankmatch?cmd=v&rk=5&v=232&se=7&t=1,https://eldersign.jp/rankmatch?cmd=v&rk=5&v=265&se=7&t=1,https://eldersign.jp/rankmatch?cmd=v&rk=5&v=267&se=7&t=1,,,,,,,
pmg,I,4,三郎,40,原,https://eldersign.jp/img/mi/g/f0/055_dark-young_0g4.png,テラーコール / ルビーライト / 光のベール,アウタークッキー / カウンター / 魔力ブースト,https://eldersign.jp/rankmatch?cmd=v&rk=5&v=168&se=7&t=1,https://eldersign.jp/rankmatch?cmd=v&rk=5&v=232&se=7&t=1,https://eldersign.jp/rankmatch?cmd=v&rk=5&v=265&se=7&t=1,https://eldersign.jp/rankmatch?cmd=v&rk=5&v=267&se=7&t=1,,,,,,,
pmg,I,4,花子,36,原,https://eldersign.jp/img/mi/g/f0/051_old-one_0g4.png,ウィンドボルト / テンプテイション / ミラーズ,アウタークッキー / ミラージュ / 敏捷ブースト,https://eldersign.jp/rankmatch?cmd=v&rk=5&v=168&se=7&t=1,https://eldersign.jp/rankmatch?cmd=v&rk=5&v=232&se=7&t=1,https://eldersign.jp/rankmatch?cmd=v&rk=5&v=265&se=7&t=1,https://eldersign.jp/rankmatch?cmd=v&rk=5&v=267&se=7&t=1,,,,,,,
ショーンマイケル,J,8,スノウ (1),61,亜1,https://eldersign.jp/img/mi/g/f0/020_snow_1g4.png,スノウストーム / スリートストーム / ペイルムーン / 氷の花,HPブースト / クィックオーダー / フェアリークッキー / リジェネレイト,https://eldersign.jp/rankmatch?cmd=v&rk=5&v=9&se=7&t=1,https://eldersign.jp/rankmatch?cmd=v&rk=5&v=41&se=7&t=1,https://eldersign.jp/rankmatch?cmd=v&rk=5&v=73&se=7&t=1,https://eldersign.jp/rankmatch?cmd=v&rk=5&v=105&se=7&t=1,https://eldersign.jp/rankmatch?cmd=v&rk=5&v=169&se=7&t=1,https://eldersign.jp/rankmatch?cmd=v&rk=5&v=233&se=7&t=1,https://eldersign.jp/rankmatch?cmd=v&rk=5&v=265&se=7&t=1,https://eldersign.jp/rankmatch?cmd=v&rk=5&v=299&se=7&t=1,,,
ショーンマイケル,J,6,スノウ (2),39,亜1,https://eldersign.jp/img/mi/g/f0/020_snow_1g4.png,スノウストーム / リヴァイヴ / 氷の花,フェアリークッキー / 敏捷ブースト / 魔力ブースト,https://eldersign.jp/rankmatch?cmd=v&rk=5&v=9&se=7&t=1,https://eldersign.jp/rankmatch?cmd=v&rk=5&v=73&se=7&t=1,https://eldersign.jp/rankmatch?cmd=v&rk=5&v=105&se=7&t=1,https://eldersign.jp/rankmatch?cmd=v&rk=5&v=169&se=7&t=1,https://eldersign.jp/rankmatch?cmd=v&rk=5&v=233&se=7&t=1,https://eldersign.jp/rankmatch?cmd=v&rk=5&v=299&se=7&t=1,,,,,
ショーンマイケル,J,7,スノウ (3),59,亜2,https://eldersign.jp/img/mi/g/f0/020_snow_2g7.png,スノウストーム / スリートストーム / ヒーリング / ロストフォーチュン,HPブースト / クィックオーダー / フェアリークッキー,https://eldersign.jp/rankmatch?cmd=v&rk=5&v=9&se=7&t=1,https://eldersign.jp/rankmatch?cmd=v&rk=5&v=73&se=7&t=1,https://eldersign.jp/rankmatch?cmd=v&rk=5&v=105&se=7&t=1,https://eldersign.jp/rankmatch?cmd=v&rk=5&v=169&se=7&t=1,https://eldersign.jp/rankmatch?cmd=v&rk=5&v=233&se=7&t=1,https://eldersign.jp/rankmatch?cmd=v&rk=5&v=265&se=7&t=1,https://eldersign.jp/rankmatch?cmd=v&rk=5&v=299&se=7&t=1,,,,
ショーンマイケル,J,7,モーラ,50,亜2,https://eldersign.jp/img/mi/g/f0/022_mora_2g4.png,フラッシュファイア / ブラッドスティール / ペイルムーン / リベレイション,HPブースト / クィックオーダー / フェアリークッキー,https://eldersign.jp/rankmatch?cmd=v&rk=5&v=9&se=7&t=1,https://eldersign.jp/rankmatch?cmd=v&rk=5&v=41&se=7&t=1,https://eldersign.jp/rankmatch?cmd=v&rk=5&v=73&se=7&t=1,https://eldersign.jp/rankmatch?cmd=v&rk=5&v=105&se=7&t=1,https://eldersign.jp/rankmatch?cmd=v&rk=5&v=169&se=7&t=1,https://eldersign.jp/rankmatch?cmd=v&rk=5&v=233&se=7&t=1,https://eldersign.jp/rankmatch?cmd=v&rk=5&v=299&se=7&t=1,,,,
ショーンマイケル,J,1,キャペルウェイト,7,原,https://eldersign.jp/img/mi/s/f0/027_capelthwaite_0g4.png,フラッシュファイア,敏捷ブースト / 魔力ブースト,https://eldersign.jp/rankmatch?cmd=v&rk=5&v=41&se=7&t=1,,,,,,,,,,
ショーンマイケル,J,2,デュラハン,49,亜2,https://eldersign.jp/img/mi/g/f0/025_dullahan_2g4.png,アイギスシールド / ベノムスクラッチ / ランドスライド,コールドバリア / フェアリークッキー / 魔力ブースト,https://eldersign.jp/rankmatch?cmd=v&rk=5&v=41&se=7&t=1,https://eldersign.jp/rankmatch?cmd=v&rk=5&v=265&se=7&t=1,,,,,,,,,
ショーンマイケル,J,3,ブラスドラゴン,70,原,https://eldersign.jp/img/mi/g/f0/049_brass-dragon_0g7.png,ドラゴンスケイル / ハードブロウ / ファイアブレス / フレア / ベノムスクラッチ,リジェネレイト,https://eldersign.jp/rankmatch?cmd=v&rk=5&v=137&se=7&t=1,https://eldersign.jp/rankmatch?cmd=v&rk=5&v=201&se=7&t=1,https://eldersign.jp/rankmatch?cmd=v&rk=5&v=298&se=7&t=1,,,,,,,,
ショーンマイケル,J,3,ジャバウォック,70,亜2,https://eldersign.jp/img/mi/g/f0/017_jabberwock_2g7.png,ダブルアタック / ハードブロウ / ファイアボール / ファストブレード / ベノムスクラッチ,戦いのエール / 防御ブースト,https://eldersign.jp/rankmatch?cmd=v&rk=5&v=137&se=7&t=1,https://eldersign.jp/rankmatch?cmd=v&rk=5&v=201&se=7&t=1,https://eldersign.jp/rankmatch?cmd=v&rk=5&v=298&se=7&t=1,,,,,,,,
ショーンマイケル,J,3,スキュラ,70,亜2,https://eldersign.jp/img/mi/g/f0/023_scylla_2g7.png,イーヴルフルート / ファイアボール / ブラッドスティール / リヴァイヴ / 氷葬,コールドバリア / 魔力ブースト,https://eldersign.jp/rankmatch?cmd=v&rk=5&v=137&se=7&t=1,https://eldersign.jp/rankmatch?cmd=v&rk=5&v=201&se=7&t=1,https://eldersign.jp/rankmatch?cmd=v&rk=5&v=298&se=7&t=1,,,,,,,,
ショーンマイケル,J,3,アルビノペンギン,70,亜1,https://eldersign.jp/img/mi/g/f0/019_albino-penguin_1g7.png,ウィンドボルト / グリムシャドウ / ダルネス / テラーコール / トライペック,戦いのエール / 攻撃ブースト,https://eldersign.jp/rankmatch?cmd=v&rk=5&v=137&se=7&t=1,https://eldersign.jp/rankmatch?cmd=v&rk=5&v=201&se=7&t=1,https://eldersign.jp/rankmatch?cmd=v&rk=5&v=298&se=7&t=1,,,,,,,,
ショーンマイケル,J,1,ペリュトン,74,亜1,https://eldersign.jp/img/mi/p/f0/047_peryton_1g7.png,シャドウスティール / ファイアボール / リヴァイヴ / 滅びの翼 / 超低周波,ビーストクッキー,https://eldersign.jp/rankmatch?cmd=v&rk=5&v=265&se=7&t=1,,,,,,,,,,